,avg_pnl,avg_pnl,avg_pnl,avg_pnl,avg_pnl,count_trades,count_trades,count_trades,count_trades,count_trades,win_rate,win_rate,win_rate,win_rate,win_rate
classification,Extreme Fear,Extreme Greed,Fear,Greed,Neutral,Extreme Fear,Extreme Greed,Fear,Greed,Neutral,Extreme Fear,Extreme Greed,Fear,Greed,Neutral
Coin,,,,,,,,,,,,,,,
@1,5.5531705867511265,7.510328304696971,8.902387460921053,4.358972497961957,-6.1245e-05,8.25,8.25,8.25,7.75,2.0,0.1554054054054054,0.18181818181818182,0.21323529411764705,0.16304347826086957,0.0
@10,-0.01900025,-0.01900025,-0.01900025,-0.01900025,-0.01900025,1.5,1.5,1.5,1.5,1.5,0.0,0.0,0.0,0.0,0.0
@100,3.7793446888888895,4.591441633333334,5.078699800000001,4.591441633333334,0.0,1.3333333333333333,1.3333333333333333,1.3333333333333333,1.3333333333333333,0.0,0.3333333333333333,0.3333333333333333,0.3333333333333333,0.3333333333333333,0.0
@103,5.675215,5.185422142857143,4.620276538461538,4.303795,0.0,2.0,2.5,2.5,2.5,0.0,0.5,0.5,0.5,0.5,0.0
@107,50.90408531643844,53.32991247369551,34.44177341701382,29.327717035991302,27.90299656536837,812.5,839.0,861.25,856.0,889.6666666666666,0.20855998006892829,0.2129470955268477,0.1938779639070972,0.19993397887323944,0.2709128004967622
@109,128.10237033333334,128.63240819047618,107.43369187799563,120.64231537777778,137.67548639316237,5.0,6.0,6.0,6.0,5.333333333333333,0.3333333333333333,0.3333333333333333,0.3333333333333333,0.3333333333333333,0.3333333333333333
@11,0.0,0.0,0.0,0.0,0.0,1.0,1.0,1.0,1.0,1.0,0.0,0.0,0.0,0.0,0.0
@112,-15.99376593333333,-7.293937,-1.203902583333333,-3.7231076874999998,0.0,1.6666666666666667,1.75,1.75,1.75,0.0,0.13333333333333333,0.15,0.21428571428571427,0.1875,0.0
@113,7.38379725,3.3602948333333327,2.2444115,1.7980581666666664,0.0,1.5,1.6666666666666667,1.6666666666666667,1.6666666666666667,0.0,0.5,0.3333333333333333,0.3333333333333333,0.3333333333333333,0.0
@114,0.0,0.6543405,0.6543405,0.6543405,0.0,0.0,1.0,1.0,1.0,0.0,0.0,0.5,0.5,0.5,0.0
@116,-1.8446163333333334,-1.6407573333333334,-1.5184419333333332,-1.5728043333333332,0.1248155,1.0,1.3333333333333333,1.3333333333333333,1.3333333333333333,1.0,0.3333333333333333,0.3333333333333333,0.3333333333333333,0.3333333333333333,0.5
@117,-0.026825,1.5344863333333334,1.5344863333333334,1.5344863333333334,0.0,2.0,1.3333333333333333,1.3333333333333333,1.3333333333333333,0.0,0.0,0.3333333333333333,0.3333333333333333,0.3333333333333333,0.0
@12,-0.0014945,-0.0014945,-0.0014945,-0.0014945,0.0,1.0,1.0,1.0,1.0,1.0,0.0,0.0,0.0,0.0,0.0
@123,-0.01337907141975305,-0.01337907141975305,-0.01337907141975305,-0.01337907141975305,0.0,69.0,69.0,69.0,69.0,0.0,0.0,0.0,0.0,0.0,0.0
@124,-6.469994510000001,-6.46999451,-6.46999451,-6.46999451,0.0,2.0,2.0,2.0,2.0,0.0,0.0,0.0,0.0,0.0,0.0
@125,17.09903004719958,11.693470104191919,-0.1605597646352411,4.889404766228956,0.0,8.0,8.666666666666666,8.666666666666666,8.666666666666666,0.0,0.2413793103448276,0.2222222222222222,0.1851851851851852,0.20370370370370372,0.0
@13,-0.0707735,-0.03538675,-0.03538675,-0.03538675,-0.03538675,2.0,1.5,1.5,1.5,1.5,0.0,0.0,0.0,0.0,0.0
@135,-5981.369216,-5981.369216,-5981.369216,-5981.369216,-5981.369216,1.0,1.0,1.0,1.0,1.0,0.0,0.0,0.0,0.0,0.0
@138,0.0,13.719086333333337,15.7003185,12.72847025,10.9453613,0.0,4.0,2.0,4.0,4.0,0.0,1.0,1.0,1.0,1.0
@14,-9.411476222222221,0.0,-9.411476222222221,-9.411476222222221,0.0,5.666666666666667,0.0,5.666666666666667,5.666666666666667,0.0,0.0,0.0,0.0,0.0,0.0
@142,6.822307172026371,2.4484622155592763,5.574401166481074,6.698005384803052,1.402177683511287,227.0,67.75,227.25,227.25,199.0,0.2060580204778157,0.1509433962264151,0.18014059753954306,0.21953781512605042,0.1994186046511628
@147,0.0,-70.1677014,-70.1677014,-70.1677014,-70.1677014,0.0,5.0,5.0,5.0,5.0,0.0,0.0,0.0,0.0,0.0
@15,0.0,0.0,0.0,0.0,0.0,1.0,1.0,1.0,1.0,1.0,0.0,0.0,0.0,0.0,0.0
@151,9.615258701591857,-3.09007818575,8.972124873401812,9.402276289357426,15.49471934308228,68.5,5.25,68.5,68.5,20.0,0.2399665551839465,0.0,0.2297101449275362,0.24294500723589,0.22151898734177214
@152,-0.0584514545454545,0.0,-0.0584514545454545,-0.0584514545454545,-0.0584514545454545,84.0,0.0,84.0,84.0,84.0,0.0,0.0,0.0,0.0,0.0
@153,0.15156275862068966,0.0,0.0445856050955414,0.13369529787234044,0.11830451485148515,48.5,0.0,48.5,48.5,48.5,0.41954022988505746,0.0,0.232484076433121,0.3882978723404255,0.3613861386138614
@16,-0.0181195,-0.0181195,-0.01811949999999995,-0.0181195,-0.01811949999999995,1.5,1.5,1.5,1.5,1.5,0.0,0.0,0.0,0.0,0.0
@17,0.0,0.0,0.0,0.0,0.0,1.0,0.0,1.0,1.0,1.0,0.0,0.0,0.0,0.0,0.0
@18,0.0,0.0,0.0,0.0,0.0,1.0,0.0,1.0,1.0,1.0,0.0,0.0,0.0,0.0,0.0
@19,0.0,0.0,0.0,0.0,0.0,1.0,0.0,1.0,1.0,1.0,0.0,0.0,0.0,0.0,0.0
@2,-43.983837666666666,-65.9757565,-43.983837666666666,-43.983837666666666,0.0,1.0,1.0,1.0,1.0,1.0,0.0,0.0,0.0,0.0,0.0
@20,-49.12408432828283,-3.4103232613636365,-40.603350007063845,-39.05572947368421,-36.98328407407407,9.0,7.5,12.666666666666666,12.666666666666666,12.666666666666666,0.0303030303030303,0.0,0.04878048780487804,0.0579710144927536,0.04444444444444443
@21,0.0,0.0,0.0,0.0,0.0,0.0,0.0,1.0,1.0,1.0,0.0,0.0,0.0,0.0,0.0
@23,-0.03374219122641505,-0.033734812575757556,-0.0309437822580645,-0.03386277015463915,-0.0324094607692307,16.0,16.0,21.0,16.0,13.0,0.0,0.0,0.0,0.0,0.0
@24,-0.00096125,-0.0019225,-0.00096125,-0.00096125,0.0,1.5,2.0,1.5,1.5,1.0,0.0,0.0,0.0,0.0,0.0
@25,0.0,0.0,0.0,0.0,0.0,1.0,0.0,1.0,1.0,1.0,0.0,0.0,0.0,0.0,0.0
@26,-0.0166415,-0.0166415,-0.0166415,-0.0166415,-0.0166415,4.5,4.5,4.5,4.5,4.5,0.0,0.0,0.0,0.0,0.0
@28,0.0,0.0,0.0,0.0,0.0,1.0,1.0,1.0,1.0,1.0,0.0,0.0,0.0,0.0,0.0
@29,-0.010792,-0.010792,-0.010792,-0.010792,-0.010792,2.5,2.5,2.5,2.5,2.5,0.0,0.0,0.0,0.0,0.0
@3,-0.5513771666666667,-0.00124925,-0.4996905232142857,-0.4776740793650794,-0.6852920170940172,7.0,4.0,7.0,7.0,5.0,0.0185185185185185,0.0,0.028571428571428567,0.03174603174603174,0.025641025641025633
@30,0.0,0.0,0.0,0.0,0.0,1.0,1.0,1.0,1.0,1.0,0.0,0.0,0.0,0.0,0.0
@31,16.600491,16.600491,16.600491,16.600491,0.0,1.0,1.0,1.0,1.0,1.0,0.5,0.5,0.5,0.5,0.0
@32,0.0,0.0,0.0,0.0,0.0,1.0,0.0,1.0,1.0,1.0,0.0,0.0,0.0,0.0,0.0
@33,3.39046175,3.39046175,3.39046175,3.39046175,0.0,1.5,1.5,1.5,1.5,1.0,0.5,0.5,0.5,0.5,0.0
@34,0.0,0.0,0.0,0.0,0.0,1.0,0.0,1.0,1.0,1.0,0.0,0.0,0.0,0.0,0.0
@35,16.751302,16.751302,16.751302,16.751302,16.751302,1.5,1.5,1.5,1.5,1.5,0.5,0.5,0.5,0.5,0.5
@36,7.828833,7.828833,7.828833,7.828833,0.0,1.0,1.0,1.0,1.0,1.0,0.5,0.5,0.5,0.5,0.0
@37,5.636545875,9.015469696969696,14.076690305555559,8.812791339285715,3.0431966666666668,2.5,2.75,2.75,2.75,1.0,0.19642857142857142,0.20454545454545456,0.2222222222222222,0.21428571428571427,0.3333333333333333
@38,16.6303925,6.335019249999999,6.335019249999999,6.335019249999999,6.335019249999999,1.0,2.0,2.0,2.0,2.0,0.5,0.25,0.25,0.25,0.25
@39,12.234332,6.117166,6.117166,6.117166,6.117166,1.0,1.0,1.0,1.0,1.0,1.0,0.5,0.5,0.5,0.5
@4,-0.5346698747690096,0.9413603552271484,0.16574103799964326,4.522536972802024,-1.4700043022503921,223.66666666666666,135.0,212.33333333333334,274.0,183.66666666666666,0.06299212598425197,0.11822660098522166,0.08834048640915593,0.22941176470588234,0.031367041198501866
@40,-0.9223243000000001,-0.4957014642857144,0.6805490999999997,-0.005597062500000027,8.371207499999999,2.6666666666666665,2.25,2.25,2.25,1.0,0.13333333333333333,0.10714285714285712,0.15,0.125,0.5
@41,18.367433,18.367433,18.367433,18.367433,18.367433,1.0,1.0,1.0,1.0,1.0,0.5,0.5,0.5,0.5,0.5
@42,0.0,0.0,0.0,0.0,0.0,0.0,1.0,1.0,1.0,1.0,0.0,0.0,0.0,0.0,0.0
@44,0.0,0.0,0.0,0.0,0.0,1.0,1.0,1.0,1.0,1.0,0.0,0.0,0.0,0.0,0.0
@45,0.0,0.0,0.0,0.0,0.0,1.0,0.0,1.0,0.0,0.0,0.0,0.0,0.0,0.0,0.0
@46,0.0,0.0,0.0,0.0,0.0,1.0,1.0,1.0,1.0,1.0,0.0,0.0,0.0,0.0,0.0
@47,25.1481445,12.57407225,12.57407225,12.57407225,12.57407225,2.0,1.5,1.5,1.5,1.5,1.0,0.5,0.5,0.5,0.5
@48,0.0,0.0,0.0,0.0,0.0,1.0,1.0,1.0,1.0,1.0,0.0,0.0,0.0,0.0,0.0
@49,-6.812160333333332,-4.612660822222222,-4.612660822222222,-4.612660822222222,-4.612660822222222,2.0,1.6666666666666667,1.6666666666666667,1.6666666666666667,1.6666666666666667,0.0,0.0,0.0,0.0,0.0
@51,-23.836769280711643,-21.024961801486487,-38.71020026947267,-18.45909281612351,-96.12115905535795,39.25,42.75,44.25,47.75,54.333333333333336,0.0,0.0,0.0,0.0,0.0
@53,16.266522,16.729268,17.192014,17.192014,0.0,1.0,1.5,1.5,1.5,1.0,0.5,0.5,0.5,0.5,0.0
@59,84.43201359829911,101.76468393117175,69.65792179839288,84.08759727455903,76.32483050820618,8.75,14.666666666666666,9.75,11.25,9.5,0.25,0.3333333333333333,0.25,0.25,0.25
@6,0.0,0.0,0.0,0.0,0.0,1.0,0.0,1.0,1.0,1.0,0.0,0.0,0.0,0.0,0.0
@61,0.0,0.0,0.0,0.0,0.0,1.0,1.0,1.0,1.0,1.0,0.0,0.0,0.0,0.0,0.0
@63,-10.342033445,-10.342033445,-10.342033445,-10.342033445,-0.01705189,1.0,1.0,1.0,1.0,1.0,0.0,0.0,0.0,0.0,0.0
@68,-0.00314588,-0.00314588,-0.00314588,-0.00314588,0.0,1.0,1.0,1.0,1.0,0.0,0.0,0.0,0.0,0.0,0.0
@7,0.0,0.0,0.0,0.0,0.0,1.0,0.0,1.0,1.0,1.0,0.0,0.0,0.0,0.0,0.0
@74,37.202141944444456,24.672359266666664,21.180948194444444,24.672359266666664,12.1890405,2.3333333333333335,2.3333333333333335,2.3333333333333335,2.3333333333333335,1.5,0.3333333333333333,0.3333333333333333,0.3333333333333333,0.3333333333333333,0.5
@78,-0.03485204549999995,-0.03508541285714285,-0.0309038828571428,-0.0349687504054054,-0.0328377225,7.5,7.5,11.0,7.5,8.0,0.0,0.0,0.0,0.0,0.0
@8,0.6633334233128834,2.8562744780927836,2.555514930696913,2.2910237375143514,2.627494894327518,53.0,53.666666666666664,54.75,45.5,52.75,0.15625,0.20833333333333334,0.20161290322580644,0.19230769230769232,0.21739130434782608
@83,-3.531472728577777,-34.00564525932692,-2.0372537716594827,-42.38619929057692,-348.26873066666667,10.333333333333334,9.0,8.25,9.0,3.0,0.0,0.0,0.0,0.0,0.0
@85,155.49543189882692,219.58537222214716,179.48949417406823,134.94385915012745,106.80605639310606,22.5,41.0,27.75,31.0,22.75,0.25,0.3333333333333333,0.25,0.25,0.25
@86,-0.00020994,-0.00020994,-0.00020994,-0.00020994,0.0,1.0,1.0,1.0,1.0,0.0,0.0,0.0,0.0,0.0,0.0
@9,-20.134628433333337,-30.20194265,-20.134628433333333,-30.20194265,0.0,1.0,1.0,1.0,1.0,1.0,0.0,0.0,0.0,0.0,0.0
@93,0.0,7.9749485,7.9749485,7.9749485,0.0,0.0,1.0,1.0,1.0,0.0,0.0,0.5,0.5,0.5,0.0
@95,-15.2854145,-15.2854145,-15.2854145,-15.2854145,0.0,1.0,1.0,1.0,1.0,0.0,0.0,0.0,0.0,0.0,0.0
AAVE,4.493799948025868,7.171802020058056,9.094063473123589,9.542619372775746,-24.256263736000392,118.5,121.25,121.0,100.0,35.5,0.1808777818486958,0.18857537857623813,0.18873670931699404,0.18552482585869678,0.2444717858828288
ACE,29.795098,46.503844297619054,46.503844297619054,0.0,29.795098,1.5,6.25,6.25,0.0,1.5,1.0,1.0,1.0,0.0,1.0
ADA,-41.406094803584914,-12.353099648560947,-10.454714311752378,-43.51058802409284,7.750209840497075,112.0,123.5,116.75,122.5,46.5,0.084447680833223,0.16196388261851016,0.18060446606684852,0.09603479310380703,0.22138680033416877
AI,0.7511130021645022,0.9877418373249299,1.1728665866900752,0.8111594154518155,1.4507355000000002,12.666666666666666,17.0,17.0,17.0,2.6666666666666665,0.3253968253968254,0.3142857142857143,0.3192488262910798,0.32828282828282823,0.3333333333333333
AI16Z,11.470449005230181,9.194572716368471,9.534104581624726,8.409999931628262,9.750689320227396,79.5,110.5,114.5,94.75,84.75,0.3231260207312602,0.3351275479676094,0.28101971200166653,0.25556115682961833,0.3293933704153373
AIXBT,51.708434721947,21.839958061842964,35.43493559919465,65.52337562021836,21.009538860848064,149.25,130.5,155.0,159.25,118.25,0.2823526680698279,0.32851789115228325,0.3160152697533836,0.28593411796536794,0.29661195286195285
ALGO,3.0383381666666662,2.59486275,1.8983371643356644,1.5718277,3.930516,2.0,3.5,3.5,3.5,1.0,0.5,0.4166666666666667,0.34615384615384615,0.3,1.0
ALT,2.9238893157315737,7.242149297763907,3.0353458250259644,8.773254233786101,7.597239644386574,37.5,57.0,57.0,55.0,43.75,0.5851668500183351,0.6513188883655205,0.5804970063538613,0.8008837337752002,0.6833175505050505
ANIME,15.231369403439151,12.71615272768757,18.56102157634227,15.116710793436429,15.605758869866268,135.5,135.75,133.75,136.25,134.75,0.17092035644667222,0.16005336820527316,0.1563264245536806,0.1725744284954811,0.17129310911629453
APE,11.052927470722516,10.603235460510339,9.81256746533998,8.819386746821829,10.69382435421208,172.66666666666666,136.0,141.5,141.25,68.75,0.3237259816207185,0.5032526138121806,0.5114871096829859,0.49646666865126615,0.49984193354571876
APT,9.875158378010994,5.818393957594086,7.237742321981418,9.430242559821428,23.345979983082703,26.5,23.5,26.75,26.75,13.25,0.148488255872064,0.1510752688172043,0.1562283275540144,0.12932692307692306,0.26879699248120303
AR,5.9785113333333335,10.379266666666668,9.685892691729322,8.052353892156862,9.181300704545453,3.5,6.5,6.5,6.5,6.5,0.5,0.8333333333333333,0.7857142857142857,0.6666666666666666,0.75
ARB,42.53706844647753,61.97536679708847,47.508924052624636,26.523991177701824,2.8014702543266106,30.75,33.0,34.25,35.0,17.5,0.19869859448204058,0.17259429759429756,0.16029546146816936,0.15299552071668532,0.19388418998048146
ARK,-0.9621335190476191,-0.6325720895833333,-0.7740420506756757,-0.07674397095343687,0.621827963888889,8.5,9.0,8.75,8.0,11.0,0.17857142857142858,0.1875,0.20945945945945946,0.17682926829268292,0.25
ATOM,0.8338315238813473,0.7025395005734069,0.5928818200421941,0.6938764933006536,-0.21257250000000005,26.0,26.0,24.666666666666668,26.0,2.3333333333333335,0.3034188034188034,0.2911392405063291,0.28270042194092826,0.2916666666666667,0.25
AVAX,115.15372159016235,149.44776480610636,131.80604170029133,119.16725021024,347.1037760955883,41.5,42.25,44.25,44.25,12.5,0.30198576245784936,0.28518009768009767,0.2836515040798928,0.267369752356085,0.2450980392156863
BABY,24.423054,24.423054,24.423054,24.423054,24.423054,1.5,1.5,1.5,1.5,1.5,0.5,0.5,0.5,0.5,0.5
BADGER,8.358552882478632,0.6666359987819417,6.667302105652408,8.541689294874685,11.243811805984555,42.666666666666664,53.0,58.666666666666664,58.666666666666664,21.333333333333332,0.2692307692307692,0.2711864406779661,0.2966360856269113,0.28750000000000003,0.24324324324324323
BANANA,-4.9204715694444445,-6.083564222222225,-8.1942111,-4.532552166666667,-11.449938750000001,2.6666666666666665,2.6666666666666665,3.0,2.3333333333333335,1.5,0.0,0.0,0.0,0.0,0.0
BERA,-17.98063519290684,44.88254390701385,31.08935489873163,35.56592861445187,29.274873134116174,108.25,196.5,197.75,197.75,177.25,0.1841921091767999,0.25602037503215225,0.22907300724419802,0.24576745750461138,0.2494442106739603
BIGTIME,21.896158730505952,8.878718798076923,14.710922269728918,21.698808854013105,-10.478517666666667,12.0,9.75,12.0,12.0,1.6666666666666667,0.39642857142857146,0.1794871794871795,0.27469879518072293,0.375921375921376,0.0
BIO,3.4407235886363634,2.2985274793650796,2.765844720277617,3.176018771732456,4.316842335663684,38.0,6.333333333333333,38.5,38.5,48.0,0.4625,0.3333333333333333,0.4251012145748988,0.45,0.6017897091722595
BLAST,8.850418076754387,7.805578985714287,6.919335232142857,10.344398247474746,2.6099173333333336,14.25,14.5,14.5,18.333333333333332,1.3333333333333333,0.2631578947368421,0.2642857142857143,0.25510204081632654,0.3333333333333333,0.6666666666666666
BLUR,23.69631073819884,7.270152808928571,17.817064767842066,37.09452392099892,26.789712380703214,16.25,13.25,17.25,17.75,15.25,0.47804588607594933,0.39464285714285713,0.47509812167087184,0.6708472686733556,0.6619047619047619
BNB,3.320689705671541,3.812759552263764,-1.4483998477171154,-3.962025107452381,5.270433443812668,24.75,33.75,36.0,35.0,18.0,0.18435159972770593,0.225487163625116,0.19785306162485589,0.202,0.3307043286867205
BNT,-1.1140848095238096,-1.1140848095238096,-1.1140848095238096,-1.1140848095238096,0.0,3.3333333333333335,3.3333333333333335,3.3333333333333335,3.3333333333333335,0.0,0.09523809523809523,0.09523809523809523,0.09523809523809523,0.09523809523809523,0.0
BOME,3.6566000000000005,2.7432378611111115,2.6470143121693126,-0.571995811111111,-3.717918125,1.3333333333333333,2.6666666666666665,2.6666666666666665,2.6666666666666665,1.5,0.3333333333333333,0.25,0.2857142857142857,0.13333333333333333,0.125
BRETT,-2.3129678383556542,-1.4879023266447375,-1.04729368031947,-2.107661306082942,1.3609978333333332,33.25,33.0,34.0,34.0,3.0,0.22395833333333334,0.24473684210526314,0.24897528631705848,0.21370337279428187,0.3333333333333333
BTC,12.792320613101852,13.25331540674726,13.731261108655232,13.598129874860902,12.68062414310842,914.5,882.0,943.25,956.5,819.0,0.19327481449761846,0.19341529875401406,0.19404089002203526,0.20159938679840236,0.20789165678498264
CAKE,39.928907,10.214865320833333,7.8254001607142865,8.15244837167423,10.850500764926128,4.0,14.0,11.5,13.0,14.0,1.0,0.36893939393939396,0.4426406926406926,0.27040840697396706,0.2639141874114551
CANTO,-13.025430688888889,-13.025430688888889,-13.025430688888889,-14.448738740740744,-10.895571277777778,3.3333333333333335,3.3333333333333335,3.3333333333333335,3.3333333333333335,3.3333333333333335,0.0,0.0,0.0,0.0,0.0
CHILLGUY,10.40582765967608,11.135110305747961,9.764796978360332,8.33398866676438,6.073000380322803,48.75,51.25,51.25,43.5,15.0,0.3114192009540847,0.33936254980079683,0.3080382740825688,0.27317031463748287,0.3705357142857143
COMP,10.019083328105443,7.8121109680555545,11.350590672261296,39.45593409866221,110.817335,22.75,22.75,22.75,14.333333333333334,3.0,0.29130162703379225,0.2946969696969697,0.3353580562659847,0.3333333333333333,0.3333333333333333
CRV,-10.220691516243187,-19.626583922678503,-7.140705913151184,-3.2063357255189255,-0.5556906729110914,43.666666666666664,22.666666666666668,43.666666666666664,43.666666666666664,55.0,0.24,0.28431372549019607,0.24590163934426232,0.24358974358974358,0.38596491228070173
CYBER,95.615837,95.615837,191.356696,-0.125022,191.356696,1.0,1.0,1.0,1.0,1.0,0.5,0.5,1.0,0.0,1.0
DOGE,20.94642157585822,86.10988436186034,140.05972453963446,153.92253220400346,221.0233239549531,155.5,159.0,151.25,153.25,113.0,0.28389879892408565,0.3577691897654584,0.46078349900998483,0.2410569409121849,0.4153898736423999
DOT,0.8237744713688611,0.7646958095087498,0.8519146193181818,0.8225417352160493,1.0381848222222223,17.5,17.75,17.5,17.0,2.0,0.2736677115987461,0.27798861480075904,0.29833333333333334,0.2811111111111111,0.3333333333333333
DYDX,0.31132936869628414,0.9547855127729956,0.62790067221504,0.6056574987105446,0.34561194203491535,34.75,33.25,34.25,41.333333333333336,13.5,0.052325581395348826,0.0701219512195122,0.056891025641025626,0.06286549707602336,0.0797872340425532
DYM,17.276485333333333,-5.031001544973544,12.957487551120446,9.860672069841266,-6.3144749000000004,4.666666666666667,6.333333333333333,6.333333333333333,6.333333333333333,5.0,0.8888888888888888,0.7116402116402116,0.7303921568627451,0.7968253968253968,0.9
EIGEN,64.47408969118467,186.17232503624896,142.44677489812162,193.4814706094698,235.5975181054329,69.25,39.0,71.5,69.25,52.25,0.22553546031543864,0.2299382716049383,0.2293803509366788,0.22067901234567902,0.22084853035829222
ENA,208.80797305828983,143.93710151075797,143.33536754114027,203.73597451404962,69.31889627435906,170.0,186.75,182.25,186.75,97.25,0.20252783669856486,0.19912914188615125,0.20725866753728195,0.19885926866250572,0.17288515555420228
ENS,-2.4379536666666666,-2.4379536666666666,-2.4379536666666666,-2.4379536666666666,-2.4379536666666666,1.3333333333333333,1.3333333333333333,1.3333333333333333,1.3333333333333333,1.3333333333333333,0.0,0.0,0.0,0.0,0.0
ETC,30.321982625,30.321982625,40.470979500000006,19.054731999999998,30.321982625,1.25,1.25,1.3333333333333333,1.0,1.25,0.5,0.5,0.6666666666666666,0.5,0.5
ETH,61.593799204872965,73.46689588333699,80.72193350778849,52.799086398559055,75.84419035959272,681.0,681.75,706.75,711.25,604.75,0.21081774634460831,0.2144574455868947,0.2391889436880357,0.21705196671012586,0.21966297904484247
ETHFI,136.79803332768643,103.33874771555539,111.38284118407508,119.37854129534914,99.46836706366163,90.33333333333333,65.33333333333333,91.33333333333333,93.33333333333333,67.66666666666667,0.3333333333333333,0.3333333333333333,0.3333333333333333,0.3333333333333333,0.3333333333333333
FARTCOIN,-22.58017746047951,-12.053427519541707,-6.692453714650604,-10.577561018576542,1.2112309903828071,501.25,433.25,474.75,512.75,287.25,0.13702073955968194,0.19321281716979238,0.1774091224515675,0.14274834654715068,0.18900476448831943
FET,2.417452132048872,3.1550297586805556,2.760391084291188,1.3295084259286556,2.1926992072222222,11.75,11.75,11.75,11.75,11.25,0.3270676691729323,0.4487847222222222,0.4167624521072797,0.3315890330188679,0.4905555555555555
FIL,-5.021210888888889,-5.021210888888889,-5.021210888888889,-5.021210888888889,0.0,1.6666666666666667,1.6666666666666667,1.6666666666666667,1.6666666666666667,0.0,0.0,0.0,0.0,0.0,0.0
FTM,38.7956629575723,36.49228639869281,40.532084579086224,48.98805785699615,54.304764673076924,21.0,21.0,21.0,20.25,8.75,0.5085616438356164,0.5676814585483316,0.5751608751608752,0.4317394094993582,0.6019230769230769
FTT,3.9738253735206928,3.2689204291983107,2.9238649969349226,3.728871924951202,11.72115065047557,265.3333333333333,351.6666666666667,350.3333333333333,352.0,79.33333333333333,0.28326914848095847,0.2755141637563058,0.2741530740276035,0.28672839506172837,0.3333333333333333
FXS,-0.6709316385402063,-1.3260452054061902,-1.008594824750628,-0.15132246571038266,0.0,18.0,24.75,24.75,18.5,0.0,0.22033898305084745,0.18243243243243243,0.15702479338842976,0.1721311475409836,0.0
GALA,2.360837703703704,3.9727743212698416,6.166948738753935,3.9949364087301587,1.7926685138888887,10.333333333333334,12.666666666666666,13.0,13.0,4.0,0.25925925925925924,0.25333333333333335,0.2948717948717949,0.2857142857142857,0.20833333333333334
GAS,30.2145095,30.2145095,30.2145095,60.529036,30.2145095,1.0,1.0,1.0,1.0,1.0,0.5,0.5,0.5,1.0,0.5
GMT,1.2719580621604918,1.546984153321566,2.7208300949308684,1.5471167158335124,2.4758680292232276,23.0,19.5,24.25,20.25,12.25,0.27202621939464044,0.30319319640564824,0.26752533783783783,0.2351426732460845,0.4030920060331825
GMX,5.655080299484807,4.122065991308301,1.7007037551307627,17.83268689882155,0.24875734374999997,27.25,20.25,27.75,20.333333333333332,25.0,0.16710613052076467,0.25032092426187424,0.14847074468085103,0.3333333333333333,0.19444444444444445
GOAT,31.692926116877477,34.09649845723864,35.81992441527278,32.32567182464575,5.420857488095238,24.0,25.25,25.25,25.25,3.0,0.2752356150793651,0.28071975916803504,0.28619072777704396,0.29048582995951416,0.3333333333333333
GRASS,7.484864708206593,1.4042964981037214,2.5018540089800676,4.1775338169721286,-3.237171263601076,31.75,44.25,45.25,41.5,19.0,0.4028233854870903,0.28274406875611136,0.2615898376113148,0.3321456221846847,0.19030808729139922
GRIFFAIN,6.188892221206518,6.447114406043218,7.261979483086336,5.651650508701413,3.6802925194715543,96.0,114.25,105.0,109.5,91.0,0.40828980830758294,0.37175001508113653,0.3712208523184133,0.3705502678673202,0.32937982721115994
HBAR,5.593020092482067,5.127160186562943,3.108486166195978,2.4669855523740924,0.6661791250000001,51.0,54.75,54.25,53.0,8.75,0.24283550386517164,0.24123762376237623,0.2314291827128798,0.23092723004694835,0.240530303030303
HPOS,13.693382609195401,6.552355009890111,8.921856918412844,15.600129044287517,2.2533982321643506,16.5,28.0,26.75,26.25,20.25,0.7156070402298851,0.5316849816849817,0.6095869687587954,0.7143995904636536,0.5188812355868431
HYPE,14.010618937574632,17.354299363078642,15.461024035717056,11.802013267336449,12.31159235180933,1059.25,1061.0,1100.75,1096.0,972.75,0.21275806836137515,0.21484617249399163,0.20438798014232637,0.20655554914830865,0.1997076049475416
HYPER,13.260516871794874,0.0,13.525064360074625,13.294278311331778,13.62892857894737,15.0,0.0,15.0,15.0,9.5,0.5,0.0,0.5,0.5,0.5
ILV,20.377772668416096,24.027658328010887,23.734814554134328,15.327741084296596,14.467967744117647,35.75,37.5,30.0,37.5,14.75,0.4424395691014188,0.4734551432344301,0.5207222877456992,0.4747240215308822,0.6151960784313726
IMX,0.9451045314542486,4.112166365239846,4.2784800890923895,7.230341262615899,72.12511778571428,12.25,13.25,17.333333333333332,13.0,3.6666666666666665,0.24305555555555555,0.2558210784313726,0.3353276353276353,0.27359781121751026,0.6666666666666666
INIT,7.858057977777777,0.0,7.858057977777777,7.858057977777777,7.858057977777777,10.333333333333334,0.0,10.333333333333334,10.333333333333334,10.333333333333334,0.3333333333333333,0.0,0.3333333333333333,0.3333333333333333,0.3333333333333333
INJ,12.489520884826568,18.917327219424156,20.12620141051324,34.02960505142019,44.31083454924243,26.75,38.5,38.5,31.5,11.0,0.29604001096190735,0.4854212977664867,0.5056318397687384,0.6110686962428679,0.6748737373737373
IO,-62.919756660253945,-1.396219716880342,-54.58176197387288,-62.879780948993776,-67.01573676615106,100.66666666666667,44.0,104.66666666666667,104.66666666666667,75.66666666666667,0.12393162393162394,0.19658119658119658,0.15241635687732338,0.14655172413793102,0.1557632398753894
IOTA,-0.9085992222222222,-0.9085992222222222,-0.9085992222222222,-0.9085992222222222,-0.9085992222222222,2.3333333333333335,2.3333333333333335,2.3333333333333335,2.3333333333333335,2.3333333333333335,0.0,0.0,0.0,0.0,0.0
IP,4.093899814483997,2.936696351213298,2.0213715373478784,3.3070209279066765,3.4907924859099646,47.75,98.0,100.0,100.0,91.5,0.33465599790122647,0.30498984850851163,0.26845062301999856,0.2885768654134471,0.3097334754797441
JELLY,28.54242368161855,17.802166941679467,16.154902747667233,17.14108650244738,10.292079369020412,124.0,192.5,180.5,190.25,143.5,0.45128608923884517,0.4131860233288961,0.42587276457569345,0.42280703789188,0.38259848733455226
JTO,-7.784187550315127,36.1695731954989,32.807706339088284,26.059857681658492,26.236542014399507,17.0,31.75,31.75,32.25,29.25,0.23319327731092437,0.20162177020340846,0.1967638119077418,0.21384803921568626,0.22457107843137253
JUP,25.088108555610035,10.68855756414132,28.645822546839078,37.943886686529886,38.747092435919555,131.0,92.0,133.0,118.75,111.25,0.25865409496700736,0.2273637515842839,0.2473474801061008,0.27011511620410666,0.2372729804077831
KAITO,-23.036164747719816,5.770347097905955,-17.343755281649578,-14.469150655709418,-18.197522531100482,81.75,54.25,93.5,92.0,76.25,0.09001563334095936,0.22674362207779608,0.12394685981273336,0.11496265768409587,0.13968633705475808
LAYER,24.312022923148145,-3.25074585302326,-26.581804273173574,-28.4364291657195,-7.70275678806207,137.5,64.5,99.5,99.5,89.0,0.02407407407407405,0.08,0.048486547085201774,0.02928772258669165,0.07969151670951155
LDO,1.960916241075269,1.8503488786535305,1.9937085226296176,1.9494513500551724,3.862713455555555,34.0,29.333333333333332,32.0,35.0,12.333333333333334,0.32,0.3190476190476191,0.3194444444444445,0.3122362869198312,0.3333333333333333
LINK,3.986868382756319,2.1226732079707427,8.618369104957033,10.559189807839115,7.872171466491596,66.75,75.5,77.25,74.5,35.5,0.21000536480686693,0.24064729867482162,0.2385831381733021,0.21644223083072,0.2214985994397759
LISTA,0.0,1.8997575000000002,1.8997575000000002,1.8997575000000002,1.8997575000000002,0.0,1.0,1.0,1.0,1.0,0.0,0.5,0.5,0.5,0.5
LOOM,35.753182833333334,35.753182833333334,35.753182833333334,107.3595855,35.753182833333334,1.6666666666666667,1.6666666666666667,1.6666666666666667,2.0,1.6666666666666667,0.3333333333333333,0.3333333333333333,0.3333333333333333,1.0,0.3333333333333333
LTC,10.63134343695985,14.333201878317958,20.48966585292398,6.534754167672792,30.45199456230159,43.5,44.25,42.75,41.5,24.25,0.2904892264217591,0.2858386671686747,0.2909356725146198,0.304265091863517,0.3408730158730159
MANTA,7.96107577404421,8.957519861592633,15.664419073276802,9.918996254109064,7.6319732333333326,29.333333333333332,31.0,25.0,30.666666666666668,7.666666666666667,0.3308763308763309,0.3867521367521367,0.49603174603174605,0.4754224270353302,0.5833333333333334
MATIC,-3.5720589456565652,2.8579133690476177,0.8437321587686274,-0.24785465057471248,7.085394916666666,8.333333333333334,12.333333333333334,12.333333333333334,11.666666666666666,2.6666666666666665,0.10666666666666667,0.11904761904761903,0.17886178861788618,0.2298850574712644,0.3333333333333333
MAV,0.0,0.0,0.0059145,0.0059145,0.0059145,0.0,0.0,1.0,1.0,1.0,0.0,0.0,0.5,0.5,0.5
MAVIA,12.526747886936668,17.88528114905303,14.440476181069863,16.353802634386447,10.962278832689679,64.25,42.0,67.0,67.0,62.5,0.41686519753821716,0.5632575757575757,0.4733395989974937,0.5279431216931217,0.4420881749829118
ME,44.63395203806296,12.870125886462022,17.304749809921454,22.29062076234025,-11.70220114704128,59.25,96.25,99.5,103.5,82.33333333333333,0.27552928604822013,0.18358913813459268,0.19586232374853765,0.2128577542940706,0.15087719298245614
MELANIA,49.9930097614607,74.12217050027186,45.9551154395295,40.25449856232958,55.79689725067938,473.5,402.75,489.0,480.0,304.5,0.24888765762137957,0.23018777977218424,0.23723024983589772,0.23513583217465756,0.19536494706961138
MEME,18.20998965871212,21.487080123867152,27.8772749493471,16.998040734862364,27.572022496646646,15.75,19.25,24.75,24.75,22.5,0.4140151515151515,0.4671474358974359,0.5029002070036226,0.36769746646795826,0.5064814814814814
MERL,-1.5970545,0.0,0.0,-1.5970545,0.0,1.0,0.0,0.0,1.0,0.0,0.0,0.0,0.0,0.0,0.0
MEW,1.4559832500000003,1.5152583153846158,1.6312077407407408,1.5063065000000002,0.8732533333333333,3.6666666666666665,4.0,4.0,4.0,1.6666666666666667,0.3333333333333333,0.3333333333333333,0.3333333333333333,0.3333333333333333,0.3333333333333333
MINA,0.0,14.231359642857145,0.0,14.231359642857143,14.231359642857143,0.0,4.0,0.0,4.0,4.0,0.0,1.0,0.0,1.0,1.0
MKR,9.832286509963767,1.1573459465587044,10.305034423121485,11.171193211932634,5.770650140474513,21.0,21.0,31.0,31.0,31.0,0.3115942028985507,0.32051282051282054,0.3114355231143552,0.31680440771349866,0.3139534883720931
MNT,-3.1605843253968247,-2.3969547777777778,-0.6519935,-2.3969547777777778,-3.5979198333333335,2.6666666666666665,2.6666666666666665,1.6666666666666667,2.6666666666666665,1.3333333333333333,0.05555555555555553,0.1111111111111111,0.25,0.1111111111111111,0.0
MOODENG,85.62920298259611,85.1456367588828,83.08767742088372,81.01749326079745,10.35441825,25.25,25.75,26.25,26.25,2.5,0.20716685330347145,0.19285864756688434,0.19656291983878188,0.20885964912280702,0.5
MORPHO,3.580148891666667,5.248099236111111,2.6873162916666664,2.8595732527777775,4.150292127777778,10.0,7.5,10.0,10.0,10.0,0.3,0.3333333333333333,0.2777777777777778,0.3,0.3
MOVE,13.3936262848147,10.577041784263706,7.762664641558442,11.662902074874687,1.9041465777777775,29.25,29.25,29.25,29.25,3.0,0.44524143666510735,0.39728391356542614,0.3596903096903097,0.4069548872180451,0.26666666666666666
MYRO,2.169513269230769,2.2083018,2.1695132692307695,2.169513269230769,2.3060097692307693,7.5,7.5,7.5,7.5,7.0,0.75,0.75,0.75,0.75,1.0
NEAR,41.91764505735566,40.5803615380006,33.99026175989349,36.293304899041686,10.91106867586974,50.0,44.0,50.0,50.5,31.0,0.6082976827094475,0.7006608180471687,0.7214081963129049,0.5686378892261245,0.4054409385113269
NEIROETH,34.09586,17.0090925,17.0090925,17.0090925,0.0,1.0,1.0,1.0,1.0,0.0,1.0,0.5,0.5,0.5,0.0
NIL,-12.407128998720761,-12.407128998720761,-12.407128998720761,-12.407128998720761,-12.407128998720761,51.5,51.5,51.5,51.5,51.5,0.03527046783625727,0.03527046783625727,0.03527046783625727,0.03527046783625727,0.03527046783625727
NTRN,4.327180843800322,8.101614984253246,0.6700136522331152,11.270389226866884,13.591633140625001,14.333333333333334,23.25,17.333333333333332,22.5,19.75,0.3887278582930757,0.7168019480519481,0.33547307812013694,0.7693001443001444,0.9202302631578947
OGN,1.95147,0.0,1.95147,1.95147,1.95147,113.5,0.0,113.5,113.5,113.5,0.5,0.0,0.5,0.5,0.5
OM,-12.197107862373736,1.686189331959707,-5.398516229166667,-15.874072591435185,-19.67911465625,10.666666666666666,10.25,10.75,10.75,5.25,0.2878787878787879,0.336996336996337,0.296875,0.3222934472934473,0.35321969696969696
ONDO,20.09216426618049,6.3118811724167525,8.741528681383718,9.331626217832897,5.620001480596886,137.25,254.75,257.75,221.5,244.5,0.4591664123511276,0.4470737310585915,0.4316301341301729,0.377624083006868,0.4166956300854736
OP,35.41050041511058,46.7774323123687,41.75666422231814,27.07382236626893,33.65827536532738,36.25,31.5,40.25,40.5,36.0,0.35744680851063826,0.38821105365223013,0.31974632843791717,0.31296902715240826,0.32663690476190477
ORDI,1.6213991696127943,1.1036935582010583,1.4875651751545946,2.145763005555555,1.424838348800254,13.0,8.333333333333334,13.0,6.0,13.0,0.3333333333333333,0.3333333333333333,0.3333333333333333,0.3333333333333333,0.3333333333333333
PAXG,-6.825716747989148,0.11787154954304953,-17.36149222286161,-13.560293698206697,-28.32681368975132,291.3333333333333,150.0,291.3333333333333,291.3333333333333,186.0,0.21215351812366737,0.2671957671957672,0.09146077156480277,0.1388316151202749,0.0
PENDLE,2.5841027736042506,5.10092770801028,5.228993965263219,3.260257511242689,5.768461285941716,251.0,229.33333333333334,283.6666666666667,282.0,236.0,0.2690315848551905,0.3283315388597347,0.3381212278725923,0.2878372199359854,0.35388559093362115
PENGU,2.724469515231154,1.5844806395248032,1.2800371670507809,3.060863801099518,4.058644342995895,143.75,172.75,174.25,181.0,86.5,0.2241335187928273,0.23954828759500113,0.242492867761078,0.25620454595226294,0.24872930062143034
PEOPLE,180.152941,180.152941,180.152941,0.0,180.152941,1.0,1.0,1.0,0.0,1.0,0.5,0.5,0.5,0.0,0.5
PIXEL,0.0,15.14300709375,9.601106770175438,25.7856738089539,9.601106770175438,0.0,5.75,5.75,5.75,5.75,0.0,0.984375,0.9473684210526316,0.9893617021276596,0.9473684210526316
PNUT,17.298305824618556,9.942579232326882,8.719439470371306,12.395739650296878,1.8316988832073662,115.5,115.0,115.25,115.75,99.25,0.26102761672261215,0.2508648624978105,0.25500216504889406,0.2573700381996346,0.25086507159605703
POLYX,22.943686269230767,22.943686269230767,22.943686269230767,22.943686269230767,22.943686269230767,7.0,7.0,7.0,7.0,7.0,0.5,0.5,0.5,0.5,0.5
POPCAT,-4.191792227592173,7.001537609386073,-1.7333500201551388,-4.931559049076027,0.8368040893307411,203.5,51.25,210.5,211.0,133.25,0.060807408549807075,0.20204196328212812,0.09947543374435851,0.05283518241452397,0.10453045834806172
PROMPT,14.431022744760325,10.413517500000001,15.506032440109887,9.332017916289987,20.121692952380954,30.0,13.5,30.0,30.0,22.5,0.3783146353901071,0.5,0.28869047619047616,0.32401816654415627,0.18824404761904762
PURR,15.21682026863699,11.885090781801427,9.98121523383419,9.65860225392429,7.121647018555116,185.25,222.25,220.25,212.0,124.75,0.3536419539688027,0.36488418555285007,0.34179107308971035,0.30996113308187134,0.38106609574000877
PURR/USDC,13.734413139858946,19.13781483001371,16.330152855210404,10.678620548387673,-2.531339684429113,345.5,366.75,376.75,370.75,201.25,0.21238558352402745,0.22009443861490033,0.20457460453185122,0.17667667667667666,0.09445337620578778
PYTH,7.854488395833334,4.775531298326939,4.570946686578412,3.684496602610153,3.534927480922804,13.25,35.5,35.5,35.5,20.0,0.1725,0.14518633540372666,0.11695563886285536,0.14580938697318008,0.18478260869565216
RENDER,13.56723211038275,13.300689636698301,11.995478535940286,12.529913549559621,30.727130683333336,53.25,51.0,53.25,21.0,6.25,0.30884397292848,0.31316841699585696,0.2989304812834224,0.26638334565163835,0.375
REQ,0.0482514205128205,0.0482514205128205,0.0482514205128205,0.0482514205128205,0.0482514205128205,6.333333333333333,6.333333333333333,6.333333333333333,6.333333333333333,6.333333333333333,0.3333333333333333,0.3333333333333333,0.3333333333333333,0.3333333333333333,0.3333333333333333
REZ,-0.4081347361111111,1.907641576923077,3.790775599089636,2.5322504166666664,3.295970637310606,5.0,9.333333333333334,9.333333333333334,7.0,9.333333333333334,0.1111111111111111,0.23076923076923075,0.30952380952380953,0.1851851851851852,0.2916666666666667
RLB,12.536698666666666,12.536698666666666,12.536698666666666,37.85894,12.536698666666666,1.3333333333333333,1.3333333333333333,1.3333333333333333,2.0,1.3333333333333333,0.3333333333333333,0.3333333333333333,0.3333333333333333,1.0,0.3333333333333333
RNDR,43.75679875353619,44.65461258665254,40.050780501882855,43.55386163421766,25.804980357287157,30.75,26.5,40.5,32.5,38.5,0.7456709956709957,1.0,0.8652871621621622,0.870148401826484,0.7929292929292929
RSR,1.9254425629713423,0.4158705,1.775698492647059,1.8460676964285714,2.424952418128655,8.0,2.0,8.0,8.0,8.666666666666666,0.30241327300150833,0.25,0.3335561497326203,0.273538961038961,0.3333333333333333
RUNE,0.38916612898521946,4.22133460799121,8.94807563144309,5.198189799969078,13.977420861382578,64.5,60.5,66.0,69.0,52.0,0.3858987256874581,0.48625945705384954,0.4552526132404181,0.4023829689978758,0.6012342436974789
S,-25.143899416929916,-25.929817871847412,-25.79690914876884,12.308367029874216,-47.37995024430534,37.666666666666664,34.75,34.75,16.25,34.0,0.3333333333333333,0.15163934426229508,0.15040650406504066,0.17452830188679244,0.0
SAND,11.460176622757574,11.749337711949773,9.899458684993496,8.820313253741825,8.474937972459184,60.0,54.333333333333336,62.0,62.0,36.333333333333336,0.3143939393939394,0.2883895131086142,0.2945205479452055,0.30023640661938533,0.26229508196721313
SCR,24.87084881904762,24.87084881904762,24.87084881904762,24.87084881904762,0.0,10.0,10.0,10.0,10.0,0.0,0.3333333333333333,0.3333333333333333,0.3333333333333333,0.3333333333333333,0.0
SEI,78.8963472533832,96.92400620214003,55.64830264803676,26.828985795472438,156.94330125710624,16.5,50.75,52.75,52.0,39.0,0.16025641025641024,0.25943221177634834,0.2347560975609756,0.2507154213036566,0.3238461538461539
SHIA,30.33305677777778,30.333056777777774,-0.062843,91.12485633333334,-0.062843,1.6666666666666667,1.6666666666666667,1.0,3.0,1.0,0.3333333333333333,0.3333333333333333,0.0,1.0,0.0
SOL,64.07972400431987,76.5057762057935,72.80823203814131,94.82961670676096,79.24797886014466,687.25,643.25,698.0,687.75,577.75,0.19047176905818353,0.20194083786492956,0.21201987832692024,0.19802375382910592,0.20853720946568993
SPX,29.048299517898442,19.38442803640351,26.473091448572408,32.75853009736904,15.955222311111113,29.0,29.0,29.0,26.666666666666668,21.666666666666668,0.3254901960784313,0.32280701754385965,0.3284313725490196,0.330749354005168,0.3055555555555555
STG,0.0,12.479350749999998,12.47935075,12.47935075,12.479350749999998,0.0,1.75,1.75,1.75,1.75,0.0,1.0,1.0,1.0,1.0
STRK,-19.36399037862903,-14.858326351068374,-18.72001353907563,-31.613652271198827,-54.19364116666666,11.75,12.0,12.0,12.0,6.0,0.20967741935483872,0.2222222222222222,0.21323529411764705,0.14583333333333334,0.09523809523809523
STX,5.204055620535715,3.6358881230733084,5.6817064944154625,5.72748312238292,9.741217164108187,23.75,29.5,29.5,27.0,22.75,0.5305631868131868,0.4638157894736842,0.5853230337078652,0.5098140495867769,0.5347222222222222
SUI,45.427119046651725,51.61451945942474,56.3262666821069,46.81327103857667,30.603206468794074,303.25,289.5,314.75,308.25,173.5,0.21130550176863322,0.24530790106121567,0.24709375163530214,0.20469879046726083,0.20914356204848542
SUPER,2.877838166666667,3.697045766666666,2.9428827858585858,2.7767526,1.5358725555555555,2.3333333333333335,3.3333333333333335,3.3333333333333335,3.3333333333333335,1.6666666666666667,0.3333333333333333,0.3333333333333333,0.3333333333333333,0.3333333333333333,0.3333333333333333
SUSHI,2.2909324631153023,2.591332053505853,2.2173639485197367,6.1962247681818186,28.19605891666667,24.75,25.5,25.25,25.0,4.666666666666667,0.17425762439807382,0.1746711427788435,0.17870065789473685,0.19999999999999998,0.325
TAO,8.301026059185286,10.552028244810046,10.132778960288501,5.957510009729445,3.6811876953329934,167.5,113.75,208.75,208.75,157.25,0.2763904907248842,0.3036100791972365,0.2891368327689082,0.2743353263671249,0.2600670878960736
TIA,17.546255764718616,27.664334420162984,30.14862946173799,21.974935650968064,29.48370783663825,65.25,62.75,56.75,72.25,38.75,0.22578662733529992,0.27522796352583584,0.3281460156261806,0.2566344325088189,0.255881689111486
TNSR,4.031700392549415,4.988829317352363,4.866378370924335,5.9330889699783365,2.386162835170007,116.0,157.66666666666666,175.33333333333334,123.25,112.75,0.24211364032792607,0.2601828761429759,0.2941896024464832,0.2338974197236404,0.22861953513576277
TON,-1.1243279071691177,-1.082174571832579,-1.1366943388157895,-1.1550166929824561,-1.3281469444444445,7.5,7.25,7.5,7.5,7.5,0.044117647058823525,0.044117647058823525,0.0394736842105263,0.0394736842105263,0.027777777777777776
TRUMP,-130.04501252908588,12.7264673995396,-68.50753546934867,-203.97089771195635,9.39857995407711,289.0,207.75,311.75,283.25,201.25,0.17296058441443424,0.19794862803541682,0.18081520929539696,0.1535574311403134,0.1943007593943138
TRX,11.092296027110388,11.092296027110388,5.767183361894587,2.1063493,0.0,25.666666666666668,25.666666666666668,25.666666666666668,22.666666666666668,0.0,0.16363636363636364,0.16363636363636364,0.1259259259259259,0.09999999999999999,0.0
TST,2.785349692307692,9.4492492998361,10.997036369007603,7.71700903164018,17.3632174816948,13.0,38.75,38.75,38.75,38.75,0.5,0.2583861451048951,0.2927170868347339,0.26410808225729315,0.35046000608272504
TURBO,63.493424422969184,75.6572396125,78.17310548344017,60.65330318469387,10.181736522222222,20.25,12.25,18.25,20.25,11.0,0.321078431372549,0.285,0.38782051282051283,0.36428571428571427,0.3333333333333333
UNI,6.192349107898551,3.2670182929432627,3.5320739483035712,7.831296317434869,2.331901230982906,13.75,13.25,13.75,16.0,10.5,0.21543478260869564,0.1753191489361702,0.23705357142857142,0.34210526315789475,0.14890109890109887
UNIBOT,54.036904833333345,54.036904833333345,0.0,54.036904833333345,162.36174150000002,1.3333333333333333,1.3333333333333333,0.0,1.3333333333333333,2.0,0.3333333333333333,0.3333333333333333,0.0,0.3333333333333333,1.0
USTC,0.9642309562500002,3.5535740225000003,2.066787231323516,10.919265505820107,4.718837558766102,12.25,12.5,12.5,16.333333333333332,12.25,0.22083333333333335,0.2225,0.2160590823381521,0.3006172839506173,0.22796817625458995
USUAL,50.16800232843008,40.50672063156408,85.5628107883091,89.00688999665499,11.551139285768095,113.75,123.0,108.25,119.25,68.5,0.25117680265757647,0.2721944016435542,0.3067867616254713,0.2550954309439043,0.2733937795953508
VINE,2.7856835872710377,3.0137177903493697,3.1361195965668904,2.5239052039028738,4.430054117234575,156.75,155.75,156.75,157.25,141.25,0.22199906226487126,0.21574025115664242,0.21104469854469857,0.21498924669987507,0.220449717423544
VIRTUAL,14.467984764402168,20.459067034657703,9.914974226742148,2.349086560252483,24.144975415226714,110.0,105.25,99.5,123.25,79.0,0.32722238153272637,0.34190329357549476,0.2409441646125817,0.24072070635752135,0.325771992590901
VVV,14.894356691772655,14.562981299335865,15.575785928013394,14.996800604839622,7.592208439265537,14.5,20.25,20.25,20.25,10.25,0.39507154213036566,0.4195920303605313,0.4556361607142857,0.416865011900714,0.336864406779661
W,2.400222726053491,0.9865232278809183,2.395925343864193,4.033074840157281,1.7976141441909899,162.66666666666666,100.33333333333333,159.66666666666666,90.33333333333333,159.66666666666666,0.32839506172839505,0.3255813953488372,0.32828282828282823,0.3333333333333333,0.32636469221835074
WCT,19.549218362820515,0.0,19.549218362820515,19.549218362820515,0.0,15.666666666666666,0.0,15.666666666666666,15.666666666666666,0.0,0.3333333333333333,0.0,0.3333333333333333,0.3333333333333333,0.0
WIF,11.379198247350361,21.67933122459121,19.07746118933091,10.311310599397023,23.848727666320602,59.5,56.75,63.75,54.5,39.0,0.4204390989414209,0.6434357721486434,0.5589802980015536,0.2805904873686564,0.6399363411091173
WLD,4.293672620793378,14.040781290065224,8.166999553338188,3.765701658490764,3.8775969922847353,300.75,193.75,314.75,320.0,268.5,0.26313985649428684,0.4476413745542623,0.37432465155862965,0.38837875070227373,0.42618028626926696
XAI,175.18152516666666,89.64537825000001,89.64537825000001,89.64537825000001,4.109231333333334,2.0,2.0,2.0,2.0,2.0,1.0,1.0,1.0,1.0,1.0
XRP,-3.3717251103460777,3.2259615281430962,5.299973444920684,-4.454679200034298,16.904348504186213,277.0,293.25,284.5,290.25,105.5,0.13391311737548428,0.17100911374468633,0.19570578927265783,0.14169070637767034,0.22839545502814057
YGG,3.2295624326923082,18.635711624338626,17.516769926743297,3.414854560683761,22.82173566031746,7.333333333333333,10.0,12.333333333333334,8.333333333333334,10.0,0.3333333333333333,0.3333333333333333,0.3333333333333333,0.3333333333333333,0.3333333333333333
ZEN,0.5201354583333334,-33.74518322192513,-19.35493676697793,-41.354414910256416,-70.98108277380952,4.333333333333333,7.25,7.25,7.25,6.333333333333333,0.3333333333333333,0.5,0.5,0.5,0.6666666666666666
ZEREBRO,15.424464574777952,16.06348692439553,13.306885835580667,10.02611797561958,11.190436692341686,105.0,123.5,157.0,156.0,116.25,0.39162095088819227,0.46334792122538293,0.42372246310845113,0.4116909584346559,0.39540816326530615
ZETA,19.391609315555556,16.98153178809524,14.681913426900222,15.142930341646915,19.782387501825546,9.333333333333334,54.5,54.0,51.0,56.0,0.7644444444444445,0.9583333333333334,0.7123893341974965,0.7640190691661279,0.897132595924362
ZK,1.045514023944875,1.009018073751452,0.967085488088088,0.9853097412121211,0.0,18.333333333333332,18.333333333333332,18.333333333333332,18.333333333333332,0.0,0.308641975308642,0.31216931216931215,0.31531531531531537,0.31313131313131315,0.0
ZORA,21.92594700244361,0.0,18.53410270612245,23.904522841964283,20.766112681818186,36.25,0.0,36.25,36.25,22.0,0.32528195488721806,0.0,0.3260204081632653,0.3248511904761905,1.0
ZRO,76.56565429781324,167.3530123201247,52.943255454490895,50.09258779428626,73.48747377144578,224.25,20.0,224.75,221.5,223.0,0.19328376551554627,0.4189342403628118,0.23418643148298104,0.2891014953720046,0.20395030876659476
kBONK,9.691934557838769,27.760415588153123,19.067276592507863,2.1349654519670724,22.450352215255545,264.5,172.0,279.5,253.0,159.25,0.3910170430883904,0.6704147809944371,0.5722675029932055,0.23206052891911402,0.6454854669140384
kFLOKI,22.315659557222222,21.399714872584543,18.844922033419145,25.812325070184666,25.2297745,8.75,8.25,8.75,8.75,2.0,0.28,0.2608695652173913,0.3157894736842105,0.2934782608695652,1.0
kNEIRO,0.8221635833333334,0.8221640000000001,0.49066707142857147,1.2862586333333332,0.8221623333333334,2.5,2.5,2.5,2.5,2.0,0.3333333333333333,0.3333333333333333,0.2857142857142857,0.4,0.3333333333333333
kPEPE,2.312284280772157,10.849281517270997,13.866658428157193,1.1322202662484777,10.91764602632066,289.25,207.75,259.0,288.0,203.5,0.22779709649669325,0.3650658760752348,0.39869204947254605,0.17576934987659024,0.3195496134584539
kSHIB,-8.40461211904762,1.4347317967074602,4.528997248790324,-5.017775348692811,-4.6136036751515155,7.0,9.0,8.75,8.75,8.333333333333334,0.14285714285714285,0.1715909090909091,0.18602150537634407,0.16176470588235295,0.22666666666666668
